data,squadra_casa,squadra_trasferta,gol_casa,gol_trasferta,gol_casa_1T,gol_trasferta_1T,tiri_casa,tiri_trasferta,tiri_porta_casa,tiri_porta_trasferta,corner_casa,corner_trasferta,falli_casa,falli_trasferta,gialli_casa,gialli_trasferta,rossi_casa,rossi_trasferta,stagione
2023-07-28,Hamburg,Schalke 04,5,3,1,2,31,11,14,6,9,3,10,13,3,3,0,1,2324
2023-07-29,Hannover,Elversberg,2,2,1,2,10,23,4,9,3,6,5,18,3,4,0,0,2324
2023-07-29,Kaiserslautern,St Pauli,1,2,0,0,10,14,3,5,3,5,11,10,2,1,0,0,2324
2023-07-29,Osnabruck,Karlsruhe,2,3,1,2,18,14,7,8,4,9,11,9,3,2,1,0,2324
2023-07-29,Wehen,Magdeburg,1,1,0,1,9,11,1,3,3,2,10,18,2,3,1,0,2324
2023-07-29,Fortuna Dusseldorf,Hertha,1,0,0,0,9,12,2,4,7,8,13,11,3,2,0,0,2324
2023-07-30,Braunschweig,Holstein Kiel,0,1,0,0,9,15,2,4,4,10,10,13,3,1,1,0,2324
2023-07-30,Greuther Furth,Paderborn,5,0,3,0,24,7,11,0,5,2,9,5,1,1,0,1,2324
2023-07-30,Hansa Rostock,Nurnberg,2,0,1,0,14,18,4,7,6,6,15,13,3,4,0,0,2324
2023-08-04,Hertha,Wehen,0,1,0,0,21,12,8,5,6,4,9,9,2,3,0,0,2324
2023-08-04,Paderborn,Osnabruck,1,1,0,0,15,15,5,5,7,7,11,12,1,0,0,0,2324
2023-08-05,Elversberg,Hansa Rostock,1,2,0,0,13,17,4,5,7,2,12,15,3,4,0,0,2324
2023-08-05,Holstein Kiel,Greuther Furth,2,1,0,0,9,15,4,2,8,5,14,16,2,2,0,0,2324
2023-08-05,St Pauli,Fortuna Dusseldorf,0,0,0,0,13,10,5,3,4,8,11,8,2,1,1,0,2324
2023-08-05,Schalke 04,Kaiserslautern,3,0,1,0,16,10,8,4,8,7,14,12,1,3,0,2,2324
2023-08-06,Magdeburg,Braunschweig,2,1,2,0,14,9,5,4,1,5,7,20,1,3,0,0,2324
2023-08-06,Nurnberg,Hannover,2,2,0,2,8,19,3,6,5,7,20,14,6,2,0,0,2324
2023-08-06,Karlsruhe,Hamburg,2,2,1,0,17,13,4,7,7,3,6,14,3,2,0,0,2324
2023-08-18,Kaiserslautern,Elversberg,3,2,1,0,20,21,8,9,4,6,11,12,3,1,0,0,2324
2023-08-18,Wehen,Karlsruhe,1,0,1,0,11,15,4,7,2,7,14,2,3,1,0,0,2324
2023-08-19,Fortuna Dusseldorf,Paderborn,1,2,0,1,26,10,6,6,12,1,6,20,0,3,0,0,2324
2023-08-19,Greuther Furth,St Pauli,0,0,0,0,16,6,2,1,2,1,11,17,1,5,0,0,2324
2023-08-19,Hansa Rostock,Hannover,1,2,0,1,10,8,2,2,4,5,13,11,3,1,0,0,2324
2023-08-19,Hamburg,Hertha,3,0,2,0,27,11,7,2,4,2,10,7,2,2,0,0,2324
2023-08-20,Osnabruck,Nurnberg,2,3,0,1,15,20,3,7,3,12,13,8,2,2,0,0,2324
2023-08-20,Braunschweig,Schalke 04,1,0,1,0,17,11,6,3,6,4,15,12,3,0,1,0,2324
2023-08-20,Holstein Kiel,Magdeburg,2,4,1,2,17,18,8,10,6,3,23,12,1,2,0,0,2324
2023-08-25,Paderborn,Kaiserslautern,1,2,0,0,15,12,5,3,1,2,17,12,2,5,0,0,2324
2023-08-25,Schalke 04,Holstein Kiel,0,2,0,1,13,14,4,5,3,7,11,13,1,1,1,0,2324
2023-08-26,Elversberg,Fortuna Dusseldorf,0,5,0,3,13,15,4,8,8,6,6,9,1,3,0,0,2324
2023-08-26,Hansa Rostock,Osnabruck,2,1,1,1,12,13,5,3,4,5,17,10,3,0,0,0,2324
2023-08-26,Hertha,Greuther Furth,5,0,2,0,14,17,7,6,5,8,18,9,1,1,0,0,2324
2023-08-26,Hannover,Hamburg,0,1,0,0,19,11,5,4,3,3,13,13,1,4,0,1,2324
2023-08-27,Nurnberg,Wehen,2,1,0,0,13,15,4,2,10,6,12,17,2,6,1,2,2324
2023-08-27,Karlsruhe,Braunschweig,2,0,1,0,22,9,9,0,6,4,11,4,1,1,0,1,2324
2023-08-27,St Pauli,Magdeburg,0,0,0,0,26,5,12,2,11,3,9,9,2,3,0,0,2324
2023-09-01,Fortuna Dusseldorf,Karlsruhe,3,1,1,1,19,10,5,8,7,7,8,10,1,3,0,0,2324
2023-09-01,Braunschweig,St Pauli,1,1,0,0,9,19,1,5,3,5,11,11,2,3,0,0,2324
2023-09-02,Holstein Kiel,Paderborn,2,1,1,1,19,13,6,2,6,8,9,9,3,3,0,0,2324
2023-09-02,Magdeburg,Hertha,6,4,2,3,23,12,12,7,4,3,6,9,2,3,0,0,2324
2023-09-02,Wehen,Schalke 04,1,1,0,0,14,15,3,5,3,7,17,10,4,2,0,0,2324
2023-09-02,Kaiserslautern,Nurnberg,3,1,3,1,12,18,4,4,4,7,12,14,1,2,0,1,2324
2023-09-03,Greuther Furth,Hannover,1,3,0,2,19,6,5,5,9,2,11,11,1,2,0,0,2324
2023-09-03,Hamburg,Hansa Rostock,2,0,1,0,17,7,11,3,3,5,14,15,2,5,0,0,2324
2023-09-03,Osnabruck,Elversberg,0,1,0,0,9,10,4,2,6,2,16,13,1,2,0,0,2324
2023-09-15,Nurnberg,Greuther Furth,1,1,1,1,18,9,4,2,6,5,14,17,2,3,0,0,2324
2023-09-15,Paderborn,Wehen,2,1,0,1,17,12,7,5,5,1,14,12,3,2,0,0,2324
2023-09-16,Schalke 04,Magdeburg,4,3,1,2,19,12,9,6,9,4,22,12,4,4,0,1,2324
2023-09-16,Karlsruhe,Kaiserslautern,1,1,1,1,19,14,6,7,9,3,10,14,0,1,0,0,2324
2023-09-16,Elversberg,Hamburg,2,1,1,0,16,13,7,6,7,6,12,9,3,2,0,0,2324
2023-09-16,Hansa Rostock,Fortuna Dusseldorf,1,3,1,2,23,20,4,5,10,8,11,9,2,2,0,0,2324
2023-09-17,Hertha,Braunschweig,3,0,2,0,15,14,8,4,4,9,11,11,2,0,0,0,2324
2023-09-17,Hannover,Osnabruck,7,0,2,0,24,6,15,3,5,3,13,9,0,2,0,1,2324
2023-09-17,St Pauli,Holstein Kiel,5,1,3,0,18,13,7,4,3,1,13,16,3,3,0,0,2324
2023-09-22,Osnabruck,Hamburg,2,1,2,1,18,8,9,3,13,7,10,15,5,6,0,0,2324
2023-09-22,Magdeburg,Paderborn,1,1,0,1,11,14,3,4,2,6,14,12,4,1,0,0,2324
2023-09-23,St Pauli,Schalke 04,3,1,1,1,19,10,8,3,4,2,3,19,1,4,0,0,2324
2023-09-23,Wehen,Elversberg,0,2,0,1,16,13,3,5,7,3,13,17,4,4,0,0,2324
2023-09-23,Braunschweig,Nurnberg,2,2,1,2,14,11,5,5,2,3,17,15,2,2,0,0,2324
2023-09-23,Greuther Furth,Karlsruhe,4,3,3,3,9,17,6,5,9,4,10,12,3,5,1,0,2324
2023-09-24,Fortuna Dusseldorf,Hannover,1,1,0,1,17,6,5,2,5,2,7,10,2,3,0,0,2324
2023-09-24,Holstein Kiel,Hertha,2,3,0,2,16,11,5,7,2,4,19,13,4,3,1,0,2324
2023-09-24,Kaiserslautern,Hansa Rostock,3,1,2,1,22,18,11,2,6,10,9,15,2,2,0,0,2324
2023-09-29,Hamburg,Fortuna Dusseldorf,1,0,0,0,10,8,4,2,8,3,10,14,3,6,0,1,2324
2023-09-29,Paderborn,Schalke 04,3,1,1,0,11,13,6,2,2,10,10,9,1,3,0,0,2324
2023-09-30,Hannover,Wehen,2,0,1,0,17,12,5,3,4,6,13,15,0,2,0,0,2324
2023-09-30,Hansa Rostock,Braunschweig,1,0,0,0,19,20,6,0,7,5,20,10,3,1,0,0,2324
2023-09-30,Karlsruhe,Holstein Kiel,0,2,0,2,14,12,4,5,7,9,4,16,0,4,0,0,2324
2023-09-30,Hertha,St Pauli,1,2,0,1,8,24,3,5,7,3,11,5,2,0,0,0,2324
2023-10-01,Elversberg,Greuther Furth,1,1,1,1,11,15,4,5,2,8,13,19,1,1,0,0,2324
2023-10-01,Nurnberg,Magdeburg,1,0,0,0,16,13,6,1,7,3,14,21,6,5,0,0,2324
2023-10-01,Osnabruck,Kaiserslautern,2,2,2,1,9,32,4,13,4,13,15,13,4,3,0,0,2324
2023-10-06,Fortuna Dusseldorf,Osnabruck,1,1,0,0,19,9,4,3,8,1,13,11,5,3,0,0,2324
2023-10-06,Kaiserslautern,Hannover,3,1,1,1,16,11,11,4,5,2,13,17,4,2,0,1,2324
2023-10-07,St Pauli,Nurnberg,5,1,1,1,20,7,7,3,8,4,7,11,4,1,0,0,2324
2023-10-07,Wehen,Hamburg,1,1,0,0,6,23,2,5,4,13,11,3,2,2,0,0,2324
2023-10-07,Magdeburg,Karlsruhe,1,1,0,1,19,2,5,2,7,1,4,12,3,2,0,0,2324
2023-10-07,Greuther Furth,Hansa Rostock,1,0,1,0,9,8,4,2,8,2,11,16,1,7,0,0,2324
2023-10-08,Braunschweig,Paderborn,1,3,1,2,24,11,4,6,13,4,9,9,3,0,0,0,2324
2023-10-08,Holstein Kiel,Elversberg,1,1,1,0,23,9,7,4,11,2,13,16,1,1,0,0,2324
2023-10-08,Schalke 04,Hertha,1,2,0,1,16,16,6,4,11,5,15,14,2,3,1,0,2324
2023-10-20,Elversberg,Braunschweig,3,0,2,0,13,7,7,4,6,1,12,9,0,1,0,0,2324
2023-10-20,Hannover,Magdeburg,2,1,1,0,14,13,4,8,6,9,9,14,2,3,0,0,2324
2023-10-21,Fortuna Dusseldorf,Kaiserslautern,4,3,1,3,20,16,5,8,6,5,12,8,4,1,0,0,2324
2023-10-21,Paderborn,St Pauli,2,2,1,0,6,17,3,3,3,6,7,11,0,1,0,0,2324
2023-10-21,Hamburg,Greuther Furth,2,0,2,0,17,14,4,3,6,7,12,12,2,4,0,0,2324
2023-10-21,Osnabruck,Wehen,0,2,0,1,19,14,5,5,2,3,14,17,3,1,0,0,2324
2023-10-22,Hansa Rostock,Holstein Kiel,1,3,1,1,22,10,9,5,9,2,13,14,1,4,0,1,2324
2023-10-22,Karlsruhe,Schalke 04,3,0,2,0,12,9,5,3,7,5,13,13,1,1,0,0,2324
2023-10-22,Nurnberg,Hertha,3,1,0,1,18,14,7,6,11,5,13,11,3,2,1,1,2324
2023-10-27,Braunschweig,Fortuna Dusseldorf,1,4,0,2,16,12,5,6,8,4,12,6,2,1,0,0,2324
2023-10-27,Greuther Furth,Osnabruck,4,0,1,0,13,5,6,2,10,1,15,15,0,3,0,0,2324
2023-10-28,Kaiserslautern,Hamburg,3,3,2,1,13,20,5,9,3,4,8,15,1,4,0,0,2324
2023-10-28,St Pauli,Karlsruhe,2,1,0,1,20,6,9,3,7,3,10,10,1,2,0,0,2324
2023-10-28,Schalke 04,Hannover,3,2,1,0,11,14,6,3,4,5,15,15,4,1,0,0,2324
2023-10-28,Hertha,Paderborn,3,1,2,0,11,16,5,6,3,9,13,14,5,1,1,0,2324
2023-10-29,Holstein Kiel,Nurnberg,0,2,0,0,14,21,1,5,7,3,12,8,2,4,0,0,2324
2023-10-29,Magdeburg,Elversberg,1,2,0,2,18,8,5,4,5,3,12,14,2,2,0,0,2324
2023-10-29,Wehen,Hansa Rostock,1,0,0,0,16,16,6,4,9,11,7,9,1,0,0,0,2324
2023-11-03,Elversberg,St Pauli,0,2,0,2,7,10,2,4,6,3,10,7,2,1,0,0,2324
2023-11-03,Fortuna Dusseldorf,Wehen,1,3,0,3,25,11,7,5,6,6,14,6,4,5,0,0,2324
2023-11-04,Kaiserslautern,Greuther Furth,0,2,0,1,18,13,2,6,9,3,8,13,3,2,1,0,2324
2023-11-04,Nurnberg,Schalke 04,1,2,0,1,15,11,4,4,4,7,9,18,4,2,0,0,2324
2023-11-04,Osnabruck,Holstein Kiel,1,1,0,0,14,16,4,9,6,5,19,15,1,3,0,0,2324
2023-11-04,Hamburg,Magdeburg,2,0,1,0,16,13,7,4,4,6,18,10,1,2,0,1,2324
2023-11-05,Hannover,Braunschweig,2,0,2,0,12,0,6,0,2,5,10,13,2,7,0,1,2324
2023-11-05,Hansa Rostock,Hertha,0,0,0,0,8,16,2,2,7,5,17,11,2,2,0,0,2324
2023-11-05,Karlsruhe,Paderborn,0,3,0,1,16,11,7,5,2,3,10,10,4,1,0,0,2324
2023-11-10,Schalke 04,Elversberg,1,2,1,2,22,13,3,5,8,2,11,11,3,2,0,0,2324
2023-11-10,St Pauli,Hannover,0,0,0,0,13,2,2,0,7,1,12,15,2,4,0,0,2324
2023-11-11,Paderborn,Nurnberg,1,3,0,3,24,12,9,8,12,2,17,8,2,1,0,1,2324
2023-11-11,Hertha,Karlsruhe,2,2,2,1,10,12,3,4,6,9,17,13,0,2,0,0,2324
2023-11-11,Braunschweig,Osnabruck,3,2,1,1,16,6,8,3,4,4,18,12,3,5,0,1,2324
2023-11-11,Holstein Kiel,Hamburg,4,2,1,0,16,15,8,7,7,6,13,13,2,2,0,0,2324
2023-11-12,Greuther Furth,Fortuna Dusseldorf,1,0,0,0,9,12,4,3,3,7,16,13,4,3,0,0,2324
2023-11-12,Magdeburg,Hansa Rostock,1,2,1,0,16,16,8,5,13,2,6,15,3,2,0,0,2324
2023-11-12,Wehen,Kaiserslautern,2,1,0,1,12,5,6,1,5,2,16,14,0,2,0,0,2324
2023-11-24,Hamburg,Braunschweig,2,1,2,0,16,14,5,3,7,4,11,10,1,2,0,0,2324
2023-11-24,Hannover,Hertha,2,2,0,2,18,8,6,4,9,1,10,16,0,1,0,0,2324
2023-11-25,Fortuna Dusseldorf,Schalke 04,5,3,3,0,13,11,9,7,6,8,8,9,1,2,0,0,2324
2023-11-25,Osnabruck,Magdeburg,0,2,0,0,12,13,3,6,5,8,10,13,2,2,0,0,2324
2023-11-25,Hansa Rostock,St Pauli,2,3,1,3,16,18,4,9,2,1,19,10,2,1,0,0,2324
2023-11-25,Elversberg,Paderborn,4,1,1,1,15,9,9,4,4,3,10,13,2,3,0,0,2324
2023-11-26,Greuther Furth,Wehen,2,0,1,0,23,14,7,6,7,6,7,18,3,5,0,0,2324
2023-11-26,Kaiserslautern,Holstein Kiel,0,3,0,2,13,11,5,6,6,10,9,11,1,1,0,0,2324
2023-11-26,Karlsruhe,Nurnberg,4,1,1,0,19,12,8,3,6,8,10,9,2,3,0,0,2324
2023-12-01,Schalke 04,Osnabruck,4,0,1,0,14,8,5,2,3,0,15,11,2,2,0,0,2324
2023-12-01,St Pauli,Hamburg,2,2,2,0,16,6,5,3,9,3,5,13,1,3,0,0,2324
2023-12-02,Nurnberg,Fortuna Dusseldorf,0,5,0,3,4,14,1,7,2,5,10,6,2,3,0,0,2324
2023-12-02,Magdeburg,Kaiserslautern,4,1,1,1,18,19,11,5,6,2,9,14,3,1,0,0,2324
2023-12-02,Braunschweig,Greuther Furth,0,1,0,1,13,7,6,1,2,5,7,16,4,3,0,0,2324
2023-12-02,Holstein Kiel,Wehen,3,2,2,0,23,13,9,4,11,3,7,10,1,2,0,0,2324
2023-12-03,Hertha,Elversberg,5,1,2,1,14,15,6,5,3,4,7,8,0,2,0,0,2324
2023-12-03,Karlsruhe,Hansa Rostock,2,2,1,2,17,17,7,7,8,5,6,11,2,1,0,0,2324
2023-12-03,Paderborn,Hannover,1,0,0,0,21,8,6,1,6,5,18,13,1,2,0,1,2324
2023-12-08,Hannover,Karlsruhe,2,2,0,1,18,15,7,7,5,4,10,13,1,0,0,0,2324
2023-12-08,Wehen,Braunschweig,1,3,1,0,10,13,2,8,4,7,10,7,2,1,0,0,2324
2023-12-09,Kaiserslautern,Hertha,1,2,1,0,12,10,4,5,9,6,8,21,1,3,1,0,2324
2023-12-09,Osnabruck,St Pauli,1,1,0,1,9,19,3,4,9,10,11,10,4,0,1,0,2324
2023-12-09,Greuther Furth,Magdeburg,1,1,0,0,16,11,6,8,7,3,20,17,1,4,0,0,2324
2023-12-09,Hamburg,Paderborn,1,2,1,1,18,11,6,4,8,4,16,8,2,1,1,1,2324
2023-12-10,Elversberg,Nurnberg,0,1,0,0,19,10,3,3,9,4,11,13,3,4,0,0,2324
2023-12-10,Fortuna Dusseldorf,Holstein Kiel,0,1,0,1,15,12,2,6,9,3,11,10,2,0,0,0,2324
2023-12-10,Hansa Rostock,Schalke 04,0,2,0,0,3,18,0,3,3,4,16,13,1,2,1,0,2324
2023-12-15,Paderborn,Hansa Rostock,3,0,1,0,24,8,11,1,12,2,7,13,4,3,0,1,2324
2023-12-15,Schalke 04,Greuther Furth,2,2,1,0,12,11,8,8,2,3,14,14,4,1,1,0,2324
2023-12-16,Holstein Kiel,Hannover,3,0,3,0,11,11,6,1,2,4,11,12,2,2,0,1,2324
2023-12-16,Hertha,Osnabruck,0,0,0,0,12,8,6,2,4,7,18,16,3,3,1,0,2324
2023-12-16,Magdeburg,Fortuna Dusseldorf,2,3,2,0,19,12,6,5,7,2,9,17,2,3,0,0,2324
2023-12-16,Nurnberg,Hamburg,0,2,0,0,12,14,2,4,4,6,9,18,1,5,0,0,2324
2023-12-17,Karlsruhe,Elversberg,3,2,2,1,17,11,7,5,5,1,9,14,2,2,0,0,2324
2023-12-17,St Pauli,Wehen,1,1,0,0,28,5,5,2,12,2,8,9,2,3,0,0,2324
2023-12-17,Braunschweig,Kaiserslautern,2,1,1,1,17,11,6,0,4,6,7,11,1,3,0,0,2324
2024-01-19,Holstein Kiel,Braunschweig,1,2,1,1,22,15,9,5,6,3,12,6,1,2,0,0,2324
2024-01-19,Karlsruhe,Osnabruck,2,1,1,1,16,14,4,4,7,2,13,10,1,2,0,0,2324
2024-01-20,Elversberg,Hannover,2,2,0,1,8,9,2,3,6,4,6,12,1,0,0,0,2324
2024-01-20,Nurnberg,Hansa Rostock,3,0,2,0,8,9,4,2,2,5,7,18,0,0,0,0,2324
2024-01-20,St Pauli,Kaiserslautern,2,0,1,0,20,13,9,3,4,4,7,10,3,2,0,0,2324
2024-01-20,Schalke 04,Hamburg,0,2,0,2,27,8,4,6,11,5,13,10,3,2,0,0,2324
2024-01-21,Paderborn,Greuther Furth,0,1,0,1,17,13,8,3,6,5,8,11,1,2,0,0,2324
2024-01-21,Magdeburg,Wehen,1,0,0,0,12,9,3,3,9,1,12,15,3,5,0,1,2324
2024-01-21,Hertha,Fortuna Dusseldorf,2,2,2,1,10,9,4,2,1,4,22,13,6,1,0,0,2324
2024-01-26,Hannover,Nurnberg,3,0,2,0,30,12,11,1,7,5,14,8,2,1,0,0,2324
2024-01-26,Kaiserslautern,Schalke 04,4,1,1,0,15,11,6,5,4,1,14,13,1,3,0,0,2324
2024-01-27,Hansa Rostock,Elversberg,2,1,0,1,11,21,4,2,2,11,14,9,2,3,0,1,2324
2024-01-27,Osnabruck,Paderborn,0,0,0,0,17,8,2,2,11,6,9,15,3,4,0,1,2324
2024-01-27,Wehen,Hertha,3,1,1,0,17,15,7,7,3,10,8,7,0,2,0,0,2324
2024-01-27,Fortuna Dusseldorf,St Pauli,1,2,0,2,11,14,4,8,2,4,12,10,2,2,0,0,2324
2024-01-28,Greuther Furth,Holstein Kiel,2,1,0,0,22,11,6,2,10,5,9,15,3,5,0,0,2324
2024-01-28,Hamburg,Karlsruhe,3,4,2,2,18,13,10,6,11,2,8,11,1,2,0,0,2324
2024-01-28,Braunschweig,Magdeburg,1,0,1,0,14,8,7,4,3,2,8,15,1,5,0,1,2324
2024-02-02,Karlsruhe,Wehen,2,2,1,0,11,22,4,7,4,3,8,8,1,2,0,0,2324
2024-02-02,Magdeburg,Holstein Kiel,1,1,0,1,21,8,9,3,12,4,7,12,2,3,0,0,2324
2024-02-03,Nurnberg,Osnabruck,2,2,1,1,15,20,8,7,5,6,11,10,3,2,0,0,2324
2024-02-03,Schalke 04,Braunschweig,1,0,0,0,18,8,7,1,3,5,8,7,2,2,0,0,2324
2024-02-03,St Pauli,Greuther Furth,3,2,2,1,19,7,13,3,7,3,17,17,1,2,0,0,2324
2024-02-03,Hertha,Hamburg,1,2,0,0,7,16,3,5,4,6,21,13,5,2,0,0,2324
2024-02-04,Paderborn,Fortuna Dusseldorf,4,3,3,0,11,13,4,6,5,7,8,10,1,1,0,0,2324
2024-02-04,Elversberg,Kaiserslautern,2,1,1,1,8,13,4,3,3,4,11,10,3,1,0,0,2324
2024-02-04,Hannover,Hansa Rostock,2,1,1,1,15,10,5,4,6,6,13,13,4,2,1,0,2324
2024-02-09,Hamburg,Hannover,3,4,1,3,17,13,3,4,10,7,13,14,2,2,2,0,2324
2024-02-09,Wehen,Nurnberg,1,1,0,0,8,16,3,7,2,11,9,10,1,1,0,0,2324
2024-02-10,Braunschweig,Karlsruhe,2,0,1,0,13,15,8,7,5,11,6,13,2,2,0,0,2324
2024-02-10,Fortuna Dusseldorf,Elversberg,1,1,1,0,13,9,4,3,5,2,14,9,2,1,0,0,2324
2024-02-10,Magdeburg,St Pauli,1,0,0,0,9,11,5,4,2,4,6,11,1,2,0,0,2324
2024-02-10,Kaiserslautern,Paderborn,1,2,1,0,12,8,3,2,4,2,14,11,3,2,0,0,2324
2024-02-11,Holstein Kiel,Schalke 04,1,0,0,0,22,7,6,2,10,4,7,9,1,3,0,0,2324
2024-02-11,Greuther Furth,Hertha,1,2,0,1,16,13,7,7,2,3,10,14,2,4,0,1,2324
2024-02-11,Osnabruck,Hansa Rostock,0,0,0,0,25,8,7,1,9,2,9,23,3,2,0,0,2324
2024-02-16,Hertha,Magdeburg,3,2,2,1,22,14,12,7,9,4,16,8,2,4,0,1,2324
2024-02-16,Hannover,Greuther Furth,2,1,0,1,9,14,3,5,7,5,16,14,2,1,0,0,2324
2024-02-17,Hansa Rostock,Hamburg,2,2,0,1,10,13,7,4,1,1,20,13,4,2,0,0,2324
2024-02-17,Paderborn,Holstein Kiel,0,4,0,2,10,12,3,6,6,6,11,12,3,3,1,0,2324
2024-02-17,Schalke 04,Wehen,1,0,0,0,10,11,3,3,8,3,10,8,2,2,0,0,2324
2024-02-17,Karlsruhe,Fortuna Dusseldorf,2,2,0,1,10,9,2,3,7,4,7,13,2,2,0,0,2324
2024-02-18,Elversberg,Osnabruck,3,1,3,0,11,11,5,4,5,5,12,13,3,2,0,0,2324
2024-02-18,Nurnberg,Kaiserslautern,1,1,0,1,7,20,4,4,8,9,13,12,5,3,0,0,2324
2024-02-18,St Pauli,Braunschweig,1,0,1,0,10,9,4,2,5,4,7,11,3,2,1,0,2324
2024-02-23,Holstein Kiel,St Pauli,3,4,0,3,12,11,6,5,3,1,8,8,1,1,0,0,2324
2024-02-23,Wehen,Paderborn,1,2,1,1,5,16,1,4,2,7,11,7,2,2,0,0,2324
2024-02-24,Magdeburg,Schalke 04,3,0,3,0,17,15,4,4,4,4,4,12,0,0,0,0,2324
2024-02-24,Osnabruck,Hannover,1,0,0,0,9,16,4,6,3,8,15,11,2,3,0,0,2324
2024-02-24,Braunschweig,Hertha,1,1,1,0,9,12,3,2,5,4,13,11,2,0,1,0,2324
2024-02-24,Kaiserslautern,Karlsruhe,0,4,0,0,8,8,4,6,6,4,8,13,3,1,0,0,2324
2024-02-25,Hamburg,Elversberg,1,0,0,0,16,12,7,4,5,5,8,6,2,1,0,0,2324
2024-02-25,Fortuna Dusseldorf,Hansa Rostock,2,0,2,0,17,14,10,3,2,7,3,10,1,0,0,0,2324
2024-02-25,Greuther Furth,Nurnberg,2,1,1,1,18,3,7,1,13,0,16,11,3,4,0,1,2324
2024-03-01,Schalke 04,St Pauli,3,1,1,0,14,7,6,4,6,4,14,12,3,0,0,0,2324
2024-03-01,Hertha,Holstein Kiel,2,2,2,0,11,15,7,3,5,5,10,9,3,3,0,0,2324
2024-03-02,Karlsruhe,Greuther Furth,4,0,1,0,19,11,8,5,5,4,13,12,3,1,0,0,2324
2024-03-02,Nurnberg,Braunschweig,2,1,2,0,15,10,5,2,5,4,5,11,3,2,0,0,2324
2024-03-02,Hannover,Fortuna Dusseldorf,2,2,0,2,21,7,8,3,8,4,10,10,4,0,0,0,2324
2024-03-02,Hansa Rostock,Kaiserslautern,0,3,0,1,7,20,2,10,2,7,15,9,3,1,1,0,2324
2024-03-03,Elversberg,Wehen,0,3,0,1,10,14,3,5,8,4,10,12,3,2,0,0,2324
2024-03-03,Hamburg,Osnabruck,1,2,1,1,13,3,3,2,11,5,16,10,4,4,0,1,2324
2024-03-03,Paderborn,Magdeburg,0,0,0,0,16,4,5,1,13,3,14,12,1,1,0,1,2324
2024-03-08,Braunschweig,Hansa Rostock,0,1,0,0,12,15,3,2,4,4,15,15,4,3,0,0,2324
2024-03-08,Fortuna Dusseldorf,Hamburg,2,0,1,0,8,11,4,0,4,1,14,6,2,2,0,1,2324
2024-03-09,Holstein Kiel,Karlsruhe,1,0,0,0,18,14,9,4,8,8,15,14,1,2,0,0,2324
2024-03-09,Schalke 04,Paderborn,3,3,1,0,17,15,5,6,7,4,17,8,2,1,0,0,2324
2024-03-09,Wehen,Hannover,1,1,1,0,10,14,4,2,2,3,8,7,1,1,0,0,2324
2024-03-09,Magdeburg,Nurnberg,0,1,0,0,13,6,4,1,8,2,7,11,1,1,0,0,2324
2024-03-10,St Pauli,Hertha,2,0,2,0,15,4,3,0,7,6,6,12,1,1,0,0,2324
2024-03-10,Greuther Furth,Elversberg,1,4,0,1,7,19,3,12,2,2,16,11,4,2,1,0,2324
2024-03-10,Kaiserslautern,Osnabruck,3,2,0,0,13,6,9,4,11,6,14,13,2,2,0,0,2324
2024-03-15,Paderborn,Braunschweig,1,2,0,0,21,11,6,3,10,1,13,7,1,2,0,0,2324
2024-03-15,Osnabruck,Fortuna Dusseldorf,0,4,0,1,11,16,0,9,4,3,9,12,1,2,0,0,2324
2024-03-16,Hannover,Kaiserslautern,1,1,0,0,9,7,2,6,3,3,13,8,3,2,0,0,2324
2024-03-16,Nurnberg,St Pauli,0,2,0,1,2,16,1,4,1,11,7,10,0,2,0,0,2324
2024-03-16,Hansa Rostock,Greuther Furth,1,0,1,0,13,16,4,4,3,8,19,11,1,1,0,0,2324
2024-03-16,Elversberg,Holstein Kiel,0,2,0,1,11,14,3,5,4,7,11,7,1,1,0,0,2324
2024-03-17,Hamburg,Wehen,3,0,1,0,17,10,8,4,9,2,12,12,1,1,0,0,2324
2024-03-17,Hertha,Schalke 04,5,2,3,2,17,12,10,7,8,5,10,7,0,1,0,0,2324
2024-03-17,Karlsruhe,Magdeburg,7,0,4,0,24,8,11,2,9,4,12,9,0,1,0,0,2324
2024-03-30,Braunschweig,Elversberg,5,0,2,0,21,14,11,2,6,4,15,12,4,1,0,0,2324
2024-03-30,Holstein Kiel,Hansa Rostock,2,0,1,0,11,13,4,2,7,4,16,17,6,4,0,0,2324
2024-03-30,Kaiserslautern,Fortuna Dusseldorf,1,3,1,0,13,12,2,4,8,3,10,13,0,1,0,0,2324
2024-03-30,Hertha,Nurnberg,3,3,1,2,18,17,7,8,5,2,15,7,4,2,0,0,2324
2024-03-31,Greuther Furth,Hamburg,1,1,0,0,4,16,1,6,3,7,8,15,2,3,0,0,2324
2024-03-31,Magdeburg,Hannover,0,3,0,1,14,21,3,8,4,5,16,16,1,2,0,0,2324
2024-03-31,Schalke 04,Karlsruhe,0,0,0,0,14,11,5,5,6,9,2,11,2,1,0,0,2324
2024-03-31,St Pauli,Paderborn,2,1,1,0,12,10,6,5,1,3,5,15,2,2,0,1,2324
2024-03-31,Wehen,Osnabruck,0,1,0,1,28,4,4,2,12,2,14,13,2,5,0,1,2324
2024-04-05,Hansa Rostock,Wehen,3,1,0,0,16,10,4,6,5,5,12,15,1,2,0,1,2324
2024-04-05,Paderborn,Hertha,2,3,1,1,19,10,8,4,9,3,4,13,1,1,0,0,2324
2024-04-06,Karlsruhe,St Pauli,2,1,1,1,11,11,5,3,4,8,6,1,4,2,0,1,2324
2024-04-06,Nurnberg,Holstein Kiel,0,4,0,3,6,19,1,7,4,9,7,11,4,1,1,0,2324
2024-04-06,Elversberg,Magdeburg,0,0,0,0,9,11,3,4,5,3,12,6,3,1,0,0,2324
2024-04-06,Hamburg,Kaiserslautern,2,1,1,1,15,20,6,4,7,6,12,11,1,1,0,0,2324
2024-04-07,Fortuna Dusseldorf,Braunschweig,2,0,1,0,12,14,3,5,3,6,9,7,3,1,0,0,2324
2024-04-07,Hannover,Schalke 04,1,1,0,1,6,11,3,5,8,4,11,7,3,1,0,0,2324
2024-04-07,Osnabruck,Greuther Furth,2,0,2,0,7,13,3,3,5,8,5,12,0,3,0,0,2324
2024-04-12,Greuther Furth,Kaiserslautern,2,1,0,1,9,10,4,3,2,4,16,13,2,4,0,0,2324
2024-04-12,Hertha,Hansa Rostock,4,0,2,0,16,12,8,3,5,1,8,12,1,2,0,0,2324
2024-04-13,Paderborn,Karlsruhe,1,1,1,1,12,12,3,5,8,2,14,3,2,1,0,0,2324
2024-04-13,Holstein Kiel,Osnabruck,4,0,2,0,12,7,7,2,4,5,15,13,2,4,0,0,2324
2024-04-13,Wehen,Fortuna Dusseldorf,0,2,0,1,5,11,1,4,2,6,6,9,2,2,1,0,2324
2024-04-13,Schalke 04,Nurnberg,2,0,1,0,19,17,7,7,7,6,12,14,4,4,0,0,2324
2024-04-14,Braunschweig,Hannover,0,0,0,0,9,14,4,6,5,5,8,5,2,0,0,0,2324
2024-04-14,Magdeburg,Hamburg,2,2,2,0,14,23,8,8,3,9,12,12,2,0,0,1,2324
2024-04-14,St Pauli,Elversberg,3,4,1,0,19,14,8,10,5,1,12,8,4,2,0,0,2324
2024-04-19,Elversberg,Schalke 04,1,1,1,0,14,15,5,5,3,7,8,13,0,0,0,0,2324
2024-04-19,Nurnberg,Paderborn,0,2,0,1,16,12,6,5,8,5,10,13,2,4,0,0,2324
2024-04-20,Hamburg,Holstein Kiel,0,1,0,0,21,12,4,3,13,4,12,8,1,2,0,1,2324
2024-04-20,Kaiserslautern,Wehen,1,1,1,0,11,10,3,4,7,7,12,17,2,3,0,0,2324
2024-04-20,Fortuna Dusseldorf,Greuther Furth,1,0,0,0,9,12,4,4,3,4,12,11,1,2,0,0,2324
2024-04-20,Osnabruck,Braunschweig,0,3,0,2,16,10,5,7,6,2,13,16,1,2,0,0,2324
2024-04-21,Hannover,St Pauli,1,2,1,1,17,8,10,5,7,4,10,12,0,3,0,0,2324
2024-04-21,Hansa Rostock,Magdeburg,0,2,0,2,10,11,3,3,6,1,17,11,4,3,0,0,2324
2024-04-21,Karlsruhe,Hertha,3,2,2,1,9,18,5,7,3,7,14,12,3,0,0,0,2324
2024-04-26,Hertha,Hannover,1,1,1,0,7,15,2,4,2,10,9,10,0,1,0,0,2324
2024-04-26,St Pauli,Hansa Rostock,1,0,0,0,7,7,2,5,6,6,8,19,0,4,0,0,2324
2024-04-27,Braunschweig,Hamburg,0,4,0,2,5,17,2,6,1,6,8,10,0,1,0,0,2324
2024-04-27,Holstein Kiel,Kaiserslautern,1,3,1,2,14,15,10,9,6,4,14,9,4,0,0,0,2324
2024-04-27,Paderborn,Elversberg,3,1,0,0,16,9,5,2,5,1,3,12,1,4,0,0,2324
2024-04-27,Schalke 04,Fortuna Dusseldorf,1,1,0,0,15,14,3,6,4,4,14,7,4,2,0,0,2324
2024-04-28,Magdeburg,Osnabruck,1,1,1,1,12,11,6,4,10,5,14,15,2,4,0,0,2324
2024-04-28,Nurnberg,Karlsruhe,0,1,0,1,8,20,3,4,3,8,10,11,2,0,0,0,2324
2024-04-28,Wehen,Greuther Furth,3,5,2,3,18,16,10,7,8,5,17,7,3,4,0,0,2324
2024-05-03,Fortuna Dusseldorf,Nurnberg,3,1,2,0,35,15,10,4,5,7,11,9,0,2,0,0,2324
2024-05-03,Hamburg,St Pauli,1,0,0,0,15,14,6,4,5,1,15,11,2,3,0,1,2324
2024-05-04,Kaiserslautern,Magdeburg,4,1,2,0,11,11,6,5,3,8,10,15,3,2,0,0,2324
2024-05-04,Greuther Furth,Braunschweig,3,3,1,2,18,6,8,3,12,2,15,15,1,2,0,1,2324
2024-05-04,Hansa Rostock,Karlsruhe,1,2,1,0,17,16,6,5,2,3,20,17,2,0,0,0,2324
2024-05-05,Elversberg,Hertha,4,2,1,1,16,19,9,7,7,5,3,12,2,1,0,0,2324
2024-05-05,Hannover,Paderborn,3,2,3,2,19,19,6,10,5,4,16,7,2,3,0,0,2324
2024-05-05,Wehen,Holstein Kiel,0,1,0,0,13,10,6,3,4,2,8,14,1,2,0,0,2324
2024-05-07,Osnabruck,Schalke 04,0,4,0,2,14,22,4,9,2,5,7,20,1,1,0,0,2324
2024-05-10,Magdeburg,Greuther Furth,0,0,0,0,10,9,2,5,1,2,14,13,2,1,0,0,2324
2024-05-10,Paderborn,Hamburg,1,0,1,0,15,10,3,2,4,9,10,10,3,2,0,0,2324
2024-05-11,Schalke 04,Hansa Rostock,2,1,2,1,10,10,6,3,5,4,7,18,2,2,0,1,2324
2024-05-11,Hertha,Kaiserslautern,3,1,2,1,15,13,5,2,2,6,9,9,2,3,0,0,2324
2024-05-11,Nurnberg,Elversberg,3,0,1,0,13,4,6,1,4,4,9,8,2,2,0,0,2324
2024-05-11,Holstein Kiel,Fortuna Dusseldorf,1,1,1,0,8,19,2,6,2,13,12,7,1,3,0,0,2324
2024-05-12,Karlsruhe,Hannover,1,2,1,1,17,14,7,4,8,6,16,13,6,2,0,0,2324
2024-05-12,Braunschweig,Wehen,1,0,1,0,11,14,5,5,3,8,8,14,3,1,0,0,2324
2024-05-12,St Pauli,Osnabruck,3,1,1,0,19,3,7,1,4,3,11,2,2,0,0,0,2324
2024-05-19,Hansa Rostock,Paderborn,1,2,0,0,16,13,5,7,1,6,14,9,1,1,0,0,2324
2024-05-19,Kaiserslautern,Braunschweig,5,0,1,0,12,14,6,5,3,6,13,14,1,2,1,0,2324
2024-05-19,Hannover,Holstein Kiel,1,2,0,2,26,12,7,8,10,3,10,9,2,2,0,0,2324
2024-05-19,Osnabruck,Hertha,2,1,1,1,14,15,4,5,7,5,7,15,1,4,0,0,2324
2024-05-19,Greuther Furth,Schalke 04,2,0,0,0,14,13,3,6,3,3,5,19,0,5,0,0,2324
2024-05-19,Fortuna Dusseldorf,Magdeburg,3,2,2,1,18,11,7,8,6,11,8,8,4,2,0,0,2324
2024-05-19,Elversberg,Karlsruhe,0,3,0,0,10,20,6,7,2,5,7,8,1,0,0,0,2324
2024-05-19,Hamburg,Nurnberg,4,1,3,1,12,16,5,2,4,6,13,11,2,2,0,0,2324
2024-05-19,Wehen,St Pauli,1,2,1,0,13,21,5,9,8,8,5,6,1,2,0,0,2324
